Symbol,Entry,Exit,PnL,Return %,Reason
GME,22.14,86.8775,19485.9875,292.40063233965674,PARTIAL_PROFIT_3R
GME,39.80157370517928,66.25,0.0,0.0,PYRAMID_ADD
GME,39.80157370517928,39.80157370517928,0.0,0.0,HARD_STOP
TFIN,61.27,60.25,-308.0400000000009,-1.6647625265219568,HARD_STOP
BCRX,10.75,10.21,-798.119999999999,-5.023255813953476,HARD_STOP
KOPN,5.65,6.395,1034.0599999999995,13.18584070796458,PARTIAL_PROFIT_3R
KOPN,6.095148771021993,6.76,0.0,0.0,PYRAMID_ADD
KOPN,6.899263946280992,8.1,0.0,0.0,PYRAMID_ADD
MVST,22.39,21.0,-985.5100000000002,-6.208128628852172,DEAD_MONEY_STOP
KOPN,7.288699350448499,7.87,0.0,0.0,PYRAMID_ADD
ATYR,6.916716999512908,7.3,0.0,0.0,PYRAMID_ADD
ATYR,6.916716999512908,6.916716999512908,0.0,0.0,HARD_STOP
Z,184.5766,197.81,621.9697999999989,7.1695978796878945,PARTIAL_PROFIT_3R
Z,189.14996000000002,196.01,0.0,0.0,PYRAMID_ADD
Z,189.14996000000002,189.14996000000002,0.0,0.0,HARD_STOP
BOC,46.62,46.0,-264.73999999999796,-1.3299013299013285,
KOPN,7.288699350448499,9.55,14621.570000000007,31.024748598148122,HARD_STOP
HUT,40.019999999999996,37.5,-1184.3999999999978,-6.29685157421288,HARD_STOP
STGW,5.5,5.21,-929.4500000000007,-5.272727272727273,
CRGY,21.7,21.15,-231.0,-2.5345622119815725,
DKS,92.98,98.76,537.539999999999,6.216390621639056,PARTIAL_PROFIT_3R
AMC,177.6,265.2,4292.4,49.32432432432432,PARTIAL_PROFIT_3R
AMR,15.99,18.42,1326.7800000000007,15.196998123827399,PARTIAL_PROFIT_3R
BBW,8.25,13.76,5835.09,66.7878787878788,PARTIAL_PROFIT_3R
AMC,210.5296875,318.1,0.0,0.0,PYRAMID_ADD
AMR,17.023699231613612,18.57,0.0,0.0,PYRAMID_ADD
BBW,9.877319655857049,13.69,0.0,0.0,PYRAMID_ADD
AMR,17.394330708661418,20.61,0.0,0.0,PYRAMID_ADD
BBW,10.118562765312312,12.76,0.0,0.0,PYRAMID_ADD
AMC,275.7764150943396,375.2,0.0,0.0,PYRAMID_ADD
AMR,17.96011503697617,20.82,0.0,0.0,PYRAMID_ADD
BBW,10.391531480431084,14.34,0.0,0.0,PYRAMID_ADD
AMC,398.21073446327676,581.0,0.0,0.0,PYRAMID_ADD
AMC,398.21073446327676,398.21073446327676,0.0,0.0,HARD_STOP
ASTH,45.36,48.88,823.6800000000003,7.760141093474426,PARTIAL_PROFIT_3R
DKS,92.98,93.62,60.159999999999854,0.6883200688320157,DEAD_MONEY_STOP
ASTH,47.51875,50.75,0.0,0.0,PYRAMID_ADD
ASTH,47.5317048346056,52.61,0.0,0.0,PYRAMID_ADD
ASTH,50.642118902439016,55.29,0.0,0.0,PYRAMID_ADD
AFG,86.45,80.16,-1515.890000000003,-7.2758820127241215,
GNK,19.58,18.55,-563.409999999998,-5.260469867211426,
FANG,95.82789,93.32,-569.2910300000003,-2.6170773456454133,
SHEN,34.53,42.38,2527.7000000000007,22.733854619171744,PARTIAL_PROFIT_3R
SHEN,36.91842300556586,40.49,0.0,0.0,PYRAMID_ADD
SHEN,36.91842300556586,36.91842300556586,0.0,0.0,HARD_STOP
BBW,10.391531480431084,13.11,4792.66,26.160422308186494,HARD_STOP
JAKK,12.26,11.64,-592.0999999999985,-5.057096247960846,
ASTH,50.642118902439016,75.81,16510.130000000005,49.69752775559486,HARD_STOP
ANGO,28.14,27.41,-286.89000000000124,-2.5941719971570687,
AMR,17.96011503697617,21.80231428571429,4675.9564857142905,21.392954559744325,HARD_STOP
AEHR,5.134588358678553,5.44,0.0,0.0,PYRAMID_ADD
AEHR,5.134588358678553,8.03,11043.099999999999,56.390336265760844,PARTIAL_PROFIT_3R
AEHR,6.0594316219186695,7.44,0.0,0.0,PYRAMID_ADD
AEHR,6.0594316219186695,6.0594316219186695,0.0,0.0,HARD_STOP
NET,123.25,117.4,-1134.8999999999978,-4.74645030425963,
SCVL,37.95,36.75,-753.6000000000022,-3.1620553359683834,HARD_STOP
BILL,249.92448979591836,278.25,0.0,0.0,PYRAMID_ADD
BILL,249.92448979591836,274.39,1198.8099999999995,9.789160807754183,PARTIAL_PROFIT_3R
BILL,259.09999999999997,273.15,0.0,0.0,PYRAMID_ADD
BILL,259.82409638554213,289.15,0.0,0.0,PYRAMID_ADD
PANL,5.05,5.69,1540.4800000000014,12.673267326732685,PARTIAL_PROFIT_3R
MDB,462.77,489.75,701.4799999999996,5.830109989843768,PARTIAL_PROFIT_3R
PANL,5.354832047773078,5.81,0.0,0.0,PYRAMID_ADD
PANL,5.354832047773078,5.354832047773078,0.0,0.0,HARD_STOP
ATYR,6.3,9.0,4044.6000000000004,42.85714285714286,PARTIAL_PROFIT_3R
MDB,478.9951162790698,503.81,0.0,0.0,PYRAMID_ADD
ATYR,7.22762700759089,8.6126,0.0,0.0,PYRAMID_ADD
ATYR,7.430442122302158,9.2631,0.0,0.0,PYRAMID_ADD
ATYR,8.400975678586816,9.85,0.0,0.0,PYRAMID_ADD
LSCC,64.2871275,64.43,32.7178025000012,0.2222412255081796,
OPRX,70.55525999999999,76.92,1177.4769000000033,9.020929127041711,PARTIAL_PROFIT_3R
OPRX,73.47915599999999,77.865,0.0,0.0,PYRAMID_ADD
BILL,259.82409638554213,262.3620928571429,210.6537071428611,0.9768133544606705,HARD_STOP
MDB,478.9951162790698,483.04,173.9300000000003,0.8444519752835333,DEAD_MONEY_STOP
OPRX,73.47915599999999,73.47915599999999,0.0,0.0,HARD_STOP
AEHR,14.0,13.54,-872.1599999999999,-3.285714285714292,HARD_STOP
ATYR,8.400975678586816,8.732857142857144,1540.5937571428585,3.950510952153552,HARD_STOP
TIPT,12.78,13.95,1145.4300000000003,9.154929577464799,PARTIAL_PROFIT_3R
TIPT,13.293251833740833,14.06,0.0,0.0,PYRAMID_ADD
TIPT,13.339277611940298,15.27,0.0,0.0,PYRAMID_ADD
TIPT,14.266210225241329,15.65,0.0,0.0,PYRAMID_ADD
STGW,9.02,8.6,-1197.0,-4.6563192904656265,
NSSC,23.35,22.855,-539.0550000000003,-2.11991434689508,HARD_STOP
TIPT,14.266210225241329,15.18145,2559.9256500000047,6.415437318730444,HARD_STOP
VICR,161.56073999999998,159.72,-287.15543999999863,-1.1393485818398608,HARD_STOP
M,34.97,33.42,-1120.6499999999978,-4.432370603374314,HARD_STOP
ALB,282.0,272.28,-865.0800000000017,-3.4468085106383106,
COST,535.44,533.56,-86.4800000000032,-0.3511131032422177,DEAD_MONEY_STOP
CRVL,65.87959000000004,66.6133333333333,278.0887233333051,1.1137642680126847,
NSA,64.97246999999999,67.88,558.2457600000016,4.475018419339771,PARTIAL_PROFIT_3R
CSV,59.26,64.99,1203.2999999999993,9.669254134323314,PARTIAL_PROFIT_3R
CSV,61.639374999999994,65.2,0.0,0.0,PYRAMID_ADD
EXR,211.86,216.06029285714285,268.81874285714184,1.9825794662243101,HARD_STOP
CSV,61.639374999999994,61.639374999999994,0.0,0.0,HARD_STOP
NSA,64.97246999999999,65.34000714285715,70.56713142857552,0.5656813460488186,HARD_STOP
LQDA,5.689739210708517,6.32,0.0,0.0,PYRAMID_ADD
LQDA,5.689739210708517,6.26,1235.184869605353,10.022617349811203,PARTIAL_PROFIT_3R
LQDA,5.874326940189429,6.15,0.0,0.0,PYRAMID_ADD
LQDA,5.919856582374469,6.82,0.0,0.0,PYRAMID_ADD
LQDA,5.919856582374469,5.919856582374469,0.0,0.0,HARD_STOP
HUN,37.49,36.28,-821.5900000000038,-3.22752734062417,HARD_STOP
CF,73.94,73.04,-282.59999999999854,-1.2172031376791903,DEAD_MONEY_STOP
LXU,11.581006622516558,12.15,0.0,0.0,PYRAMID_ADD
LXU,11.581006622516558,12.72,2149.2805033112563,9.835011882895706,PARTIAL_PROFIT_3R
LXU,11.66384376690037,12.66,0.0,0.0,PYRAMID_ADD
LXU,11.66384376690037,11.66384376690037,0.0,0.0,HARD_STOP
ANDE,39.78,39.54,-154.3199999999997,-0.6033182503770829,
CARG,36.6,48.45,4135.65,32.377049180327866,PARTIAL_PROFIT_3R
CARG,40.850089126559716,47.9,0.0,0.0,PYRAMID_ADD
CARG,41.05647766323025,46.57,0.0,0.0,PYRAMID_ADD
CVX,139.50972,154.14,1404.5068800000008,10.486925212092757,PARTIAL_PROFIT_3R
CF,80.90774725274724,85.13,0.0,0.0,PYRAMID_ADD
CF,80.90774725274724,87.1,1690.4850000000006,7.653473193251581,PARTIAL_PROFIT_3R
CARG,41.1573569023569,46.05,0.0,0.0,PYRAMID_ADD
CVX,144.60983199999998,152.26,0.0,0.0,PYRAMID_ADD
CARG,41.1573569023569,41.1573569023569,0.0,0.0,HARD_STOP
CVX,146.66333224489793,155.79,0.0,0.0,PYRAMID_ADD
CF,81.77119932432431,92.02,0.0,0.0,PYRAMID_ADD
CVX,151.96609516819572,159.9,0.0,0.0,PYRAMID_ADD
CF,82.12024193548386,89.5,0.0,0.0,PYRAMID_ADD
HDSN,4.43,5.78,4205.250000000002,30.47404063205419,PARTIAL_PROFIT_3R
HDSN,4.953336669335468,5.82,0.0,0.0,PYRAMID_ADD
HDSN,5.32509049502577,5.88,0.0,0.0,PYRAMID_ADD
CVX,151.96609516819572,158.00985,1976.3078300000052,3.9770416059681457,HARD_STOP
HDSN,5.611885587137524,6.04,0.0,0.0,PYRAMID_ADD
HDSN,5.611885587137524,5.611885587137524,0.0,0.0,HARD_STOP
CF,82.12024193548386,91.88699999999999,3027.6949999999997,11.893240733739162,HARD_STOP
LNTH,59.32,58.02,-608.3999999999978,-2.1915037086985834,HARD_STOP
HDSN,8.1,9.29,2034.8999999999978,14.691358024691347,PARTIAL_PROFIT_3R
HDSN,8.497040280210157,9.09,0.0,0.0,PYRAMID_ADD
HDSN,8.497040280210157,8.497040280210157,0.0,0.0,HARD_STOP
SIGA,8.65,9.29,1039.3599999999988,7.3988439306358345,PARTIAL_PROFIT_3R
SIGA,9.371857722078879,10.45,0.0,0.0,PYRAMID_ADD
SIGA,9.976779249448123,10.88,0.0,0.0,PYRAMID_ADD
SIGA,9.976779249448123,9.976779249448123,0.0,0.0,HARD_STOP
ASC,8.009002500000001,7.935,-260.7108075000069,-0.9239914708479846,HARD_STOP
SWX,90.86,91.65,242.53000000000247,0.8694695135373243,DEAD_MONEY_STOP
CORT,28.97,27.64,-1290.0999999999985,-4.590956161546423,HARD_STOP
EXE,97.22,94.32,-832.3000000000029,-2.9829253240074127,HARD_STOP
CAPR,5.66,5.56,-491.6000000000022,-1.7667844522968323,DEAD_MONEY_STOP
CVLG,18.995,18.905,-96.56999999999971,-0.4738088970781762,
ELF,45.31,48.64,1018.9799999999996,7.349370999779303,PARTIAL_PROFIT_3R
ELF,47.29581213307241,50.26,0.0,0.0,PYRAMID_ADD
ELF,47.564797794117645,51.73,0.0,0.0,PYRAMID_ADD
ELF,49.51516519823789,52.43,0.0,0.0,PYRAMID_ADD
SMCI,8.696,8.25,-1450.8379999999997,-5.128794848206065,
PARR,24.762375,23.985,-889.3169999999991,-3.1393394211984837,
TITN,40.2,39.348014285714285,-598.0939714285742,-2.1193674484719316,HARD_STOP
TMDX,62.45,58.74,-1602.7200000000012,-5.940752602081667,HARD_STOP
REPL,21.97,21.41,-710.6399999999994,-2.5489303595812363,HARD_STOP
VKTX,5.45,7.19,4405.680000000002,31.92660550458717,PARTIAL_PROFIT_3R
VKTX,6.095768683362261,7.1851,0.0,0.0,PYRAMID_ADD
VKTX,6.735354877505567,7.69,0.0,0.0,PYRAMID_ADD
VKTX,7.230661963190183,7.97,0.0,0.0,PYRAMID_ADD
ELF,49.51516519823789,53.8763,3959.9103999999934,8.807674950294441,HARD_STOP
VRDN,30.02,35.5,2761.92,18.254497001998658,PARTIAL_PROFIT_3R
VRDN,32.02875444839858,35.03,0.0,0.0,PYRAMID_ADD
VRDN,32.196224719101124,35.2,0.0,0.0,PYRAMID_ADD
VRDN,33.76995962314939,36.12,0.0,0.0,PYRAMID_ADD
ELF,69.26,67.25,-526.6200000000026,-2.9021079988449383,
VRDN,33.76995962314939,33.33,-653.7799999999988,-1.3028135895306159,HARD_STOP
INTA,32.45613675213676,34.63,0.0,0.0,PYRAMID_ADD
INTA,32.45613675213676,35.6,2757.168068376064,9.686498648537611,PARTIAL_PROFIT_3R
INTA,32.74201680792476,35.96,0.0,0.0,PYRAMID_ADD
ATEC,13.84,13.79,-123.50000000000728,-0.36127167630057855,
INTA,34.30912786239102,36.65,0.0,0.0,PYRAMID_ADD
ZEUS,49.46,46.35,-2180.109999999997,-6.287909421754955,HARD_STOP
WING,172.35,173.18,82.17000000000189,0.4815781839280664,DEAD_MONEY_STOP
RCEL,10.75,13.17,3976.0600000000013,22.511627906976738,PARTIAL_PROFIT_3R
ZETA,9.8,10.92,2018.239999999998,11.42857142857141,PARTIAL_PROFIT_3R
RCEL,11.680535519125684,13.07,0.0,0.0,PYRAMID_ADD
ZETA,10.23730322152109,10.89,0.0,0.0,PYRAMID_ADD
RCEL,11.749902946273831,13.11,0.0,0.0,PYRAMID_ADD
ZETA,10.23730322152109,10.23730322152109,0.0,0.0,HARD_STOP
ASUR,13.39,13.35,-84.56000000000495,-0.29873039581778116,
TMDX,75.86747368421054,79.45,0.0,0.0,PYRAMID_ADD
TMDX,75.86747368421054,80.05,991.2587368421009,5.51293737972447,PARTIAL_PROFIT_3R
RCEL,12.355571932738219,13.26,0.0,0.0,PYRAMID_ADD
TMDX,78.53183560917407,82.52,0.0,0.0,PYRAMID_ADD
PTGX,16.97,24.115,8073.8499999999985,42.10371243370654,PARTIAL_PROFIT_3R
TMDX,78.53183560917407,78.53183560917407,0.0,0.0,HARD_STOP
HIMS,10.17,9.54,-1188.8100000000013,-6.194690265486735,DEAD_MONEY_STOP
PTGX,19.852854872881355,24.16,0.0,0.0,PYRAMID_ADD
VKTX,7.230661963190183,10.367142857142857,35276.00061428572,43.377506927026246,HARD_STOP
XPOF,29.14,27.82,-1759.560000000005,-4.529855868222377,HARD_STOP
PTGX,20.85304365733114,24.35,0.0,0.0,PYRAMID_ADD
INTA,34.30912786239102,37.40531428571428,4941.5135316239175,9.024381021113737,HARD_STOP
PTGX,22.171393685249136,24.14,0.0,0.0,PYRAMID_ADD
PTGX,22.171393685249136,22.171393685249136,0.0,0.0,HARD_STOP
ARDX,4.31,4.27,-272.2400000000016,-0.9280742459396807,
RCEL,12.355571932738219,14.569942857142857,10666.624742857144,17.92204307869618,HARD_STOP
COCO,20.53026,20.7,307.2294000000038,0.8267795926598209,DEAD_MONEY_STOP
TCMD,20.895690843452577,21.86,0.0,0.0,PYRAMID_ADD
TCMD,20.895690843452577,21.56,1011.7428454217224,3.17916819082138,PARTIAL_PROFIT_3R
TCMD,20.895690843452577,20.895690843452577,0.0,0.0,HARD_STOP
EVLV,4.761050928531233,5.3,0.0,0.0,PYRAMID_ADD
EVLV,4.761050928531233,5.26,3546.529999999999,10.47980958318988,PARTIAL_PROFIT_3R
EVLV,4.776469398759774,5.13,0.0,0.0,PYRAMID_ADD
EVLV,5.058722150468196,5.48,0.0,0.0,PYRAMID_ADD
APLD,4.86,7.05,8611.079999999998,45.06172839506171,PARTIAL_PROFIT_3R
APLD,5.521362506215814,6.76,0.0,0.0,PYRAMID_ADD
APLD,6.359305210918115,7.61,0.0,0.0,PYRAMID_ADD
APLD,7.222139673105498,8.51,0.0,0.0,PYRAMID_ADD
USD,8.5325,9.6075,2729.4249999999993,12.59888661002051,PARTIAL_PROFIT_3R
ELF,95.7,101.28,1261.079999999998,5.830721003134798,PARTIAL_PROFIT_3R
USD,9.18827340249941,10.1675,0.0,0.0,PYRAMID_ADD
ELF,99.26872679045093,104.61,0.0,0.0,PYRAMID_ADD
AI,37.61,32.76,-5839.4000000000015,-12.895506514224941,HARD_STOP
INOD,10.97,10.22,-3004.5,-6.8368277119416625,
IOT,22.95,27.21,4136.459999999999,18.562091503267975,PARTIAL_PROFIT_3R
USD,9.18827340249941,9.18827340249941,0.0,0.0,HARD_STOP
IOT,24.670234423195556,27.24,0.0,0.0,PYRAMID_ADD
IOT,25.994041374214998,27.97,0.0,0.0,PYRAMID_ADD
PLTR,15.3,14.6801,-1902.473100000003,-4.051633986928116,HARD_STOP
SMCI,24.063,26.166,1974.7170000000006,8.739558658521386,PARTIAL_PROFIT_3R
IOT,27.239860619469027,29.1,0.0,0.0,PYRAMID_ADD
SMCI,25.027947737412365,26.47,0.0,0.0,PYRAMID_ADD
SMCI,25.027947737412365,25.027947737412365,0.0,0.0,HARD_STOP
INOD,12.07,11.76,-620.0,-2.5683512841756406,
IOT,27.239860619469027,27.239860619469027,0.0,0.0,HARD_STOP
LMB,24.06,23.77,-553.3199999999997,-1.2053200332502012,
ELF,100.38635491606715,110.92,0.0,0.0,PYRAMID_ADD
ELF,105.01777298850574,111.94,0.0,0.0,PYRAMID_ADD
LMB,24.45,23.76,-1311.0,-2.822085889570547,
KTOS,14.507249999999999,13.8,-2054.561249999999,-4.875148632580251,
APLD,7.222139673105498,7.897664285714285,11365.701607142837,9.353524622687237,HARD_STOP
ORIC,7.29,8.4,3323.340000000004,15.22633744855968,PARTIAL_PROFIT_3R
ORIC,7.767148634984833,8.5,0.0,0.0,PYRAMID_ADD
ORIC,7.767148634984833,7.767148634984833,0.0,0.0,HARD_STOP
META,292.22759124087594,313.62,0.0,0.0,PYRAMID_ADD
META,292.22759124087594,313.41,1440.4037956204374,7.248599856426274,PARTIAL_PROFIT_3R
ROIV,10.843810316139766,11.99,0.0,0.0,PYRAMID_ADD
ROIV,10.843810316139766,11.67,1489.619999999999,7.618997933139293,PARTIAL_PROFIT_3R
ACHR,5.1,4.9,-1700.199999999997,-3.9215686274509665,
ROIV,11.271560943208236,11.91,0.0,0.0,PYRAMID_ADD
ACAD,31.489825436408978,33.61,0.0,0.0,PYRAMID_ADD
ACAD,31.489825436408978,32.99,1804.7099999999991,4.763997712913648,PARTIAL_PROFIT_3R
BBIO,26.76,32.52,4890.240000000002,21.52466367713004,PARTIAL_PROFIT_3R
EVLV,5.058722150468196,6.096928571428571,12861.30114285714,20.523096348833626,HARD_STOP
ACAD,31.489825436408978,31.489825436408978,0.0,0.0,HARD_STOP
BBIO,28.984700070571634,32.31,0.0,0.0,PYRAMID_ADD
ELF,105.01777298850574,111.40651428571428,4446.563942857145,6.083485790455478,HARD_STOP
META,300.7365547445256,313.5,0.0,0.0,PYRAMID_ADD
META,300.7365547445256,302.52,205.09620437955164,0.5930257653544713,DEAD_MONEY_STOP
ROIV,11.271560943208236,11.271560943208236,0.0,0.0,HARD_STOP
DFH,25.58,25.14,-746.239999999998,-1.72009382329944,DEAD_MONEY_STOP
BBIO,30.57013513513514,34.0,0.0,0.0,PYRAMID_ADD
BBIO,32.37929479768786,35.08,0.0,0.0,PYRAMID_ADD
BBIO,32.37929479768786,32.37929479768786,0.0,0.0,HARD_STOP
BZH,30.4,33.63,2299.760000000002,10.625000000000018,PARTIAL_PROFIT_3R
BZH,31.731909167367533,33.72,0.0,0.0,PYRAMID_ADD
BZH,31.920500782472608,34.44,0.0,0.0,PYRAMID_ADD
POWL,74.0,82.5,2516.0,11.486486486486491,PARTIAL_PROFIT_3R
POWL,77.38,82.45,0.0,0.0,PYRAMID_ADD
VRT,33.801980198019805,35.0,0.0,0.0,PYRAMID_ADD
VRT,33.801980198019805,35.72,2130.919999999991,5.674282366725225,PARTIAL_PROFIT_3R
POWL,77.38,77.38,0.0,0.0,HARD_STOP
ANET,44.375,44.365,-9.919999999998254,-0.022535211267604716,DEAD_MONEY_STOP
BZH,31.920500782472608,31.920500782472608,0.0,0.0,HARD_STOP
VRT,33.801980198019805,33.801980198019805,0.0,0.0,HARD_STOP
TDUP,3.52,3.95,2713.7299999999996,12.215909090909104,PARTIAL_PROFIT_3R
TDUP,3.6804781330044585,3.92,0.0,0.0,PYRAMID_ADD
TDUP,3.69805742935278,4.13,0.0,0.0,PYRAMID_ADD
BUR,14.047019999999998,13.81,-764.3894999999902,-1.6873329716907803,
TDUP,3.8833740924722964,4.16,0.0,0.0,PYRAMID_ADD
TDUP,3.8833740924722964,3.8833740924722964,0.0,0.0,HARD_STOP
BUR,14.1,13.74,-1153.800000000003,-2.5531914893616947,HARD_STOP
ANF,51.41541358439812,53.95,0.0,0.0,PYRAMID_ADD
ANF,51.41541358439812,54.5,2291.8477067921995,5.99934183265598,PARTIAL_PROFIT_3R
ANF,51.41541358439812,51.41541358439812,0.0,0.0,HARD_STOP
MEDP,278.37,271.42,-555.9999999999964,-2.496677084455934,
IMVT,32.29,39.515,4978.0250000000015,22.375348405078977,PARTIAL_PROFIT_3R
IMVT,35.209583333333335,39.57,0.0,0.0,PYRAMID_ADD
IMVT,37.14627145085803,40.04,0.0,0.0,PYRAMID_ADD
SLNO,22.51,29.51,7133.0,31.097290093291875,PARTIAL_PROFIT_3R
IMVT,37.14627145085803,37.14627145085803,0.0,0.0,HARD_STOP
SLNO,24.85618320610687,28.36,0.0,0.0,PYRAMID_ADD
SLNO,24.85618320610687,24.85618320610687,0.0,0.0,HARD_STOP
PATH,22.61,25.25,2692.7999999999993,11.676249447147292,PARTIAL_PROFIT_3R
PATH,23.624967741935485,25.14,0.0,0.0,PYRAMID_ADD
MDB,420.03,407.1501,-1403.9090999999971,-3.066423826869502,HARD_STOP
PATH,23.624967741935485,23.624967741935485,0.0,0.0,HARD_STOP
AAOI,17.16,19.76,3512.600000000002,15.15151515151516,PARTIAL_PROFIT_3R
AAOI,18.218573327425787,19.8,0.0,0.0,PYRAMID_ADD
AAOI,18.218573327425787,18.218573327425787,0.0,0.0,HARD_STOP
HNI,40.270125,39.86,-477.79562499999884,-1.018434881937913,HARD_STOP
QLYS,185.04,198.85,1712.4399999999987,7.4632511889321185,PARTIAL_PROFIT_3R
QLYS,191.87153846153845,202.16,0.0,0.0,PYRAMID_ADD
CRNX,34.54,36.07,2093.040000000001,4.4296467863346844,
QLYS,191.87153846153845,194.4,525.9200000000055,1.3177887448733827,HARD_STOP
SMCI,34.756,43.624,6030.240000000002,25.515018989526993,PARTIAL_PROFIT_3R
SMCI,38.23211764705883,43.6,0.0,0.0,PYRAMID_ADD
DJT,29.33,50.75,17864.280000000002,73.0310262529833,PARTIAL_PROFIT_3R
SMCI,38.418439790575924,47.129,0.0,0.0,PYRAMID_ADD
DJT,34.08392156862745,44.25,0.0,0.0,PYRAMID_ADD
SMCI,42.10411343439623,47.611,0.0,0.0,PYRAMID_ADD
DJT,34.50356281050391,37.28,0.0,0.0,PYRAMID_ADD
DJT,34.50356281050391,34.50356281050391,0.0,0.0,HARD_STOP
EVER,13.7,13.13,-2269.169999999991,-4.160583941605833,HARD_STOP
RL,163.575,175.01,2001.1250000000036,6.990677059452843,PARTIAL_PROFIT_3R
RL,167.51974315068492,173.42,0.0,0.0,PYRAMID_ADD
CDNS,295.377615,300.65,601.0518900000025,1.7849643074679067,
SMCI,42.10411343439623,82.31909642857144,76931.26246785716,95.51319268801481,HARD_STOP
RL,172.455,180.0,0.0,0.0,PYRAMID_ADD
APP,56.46741191066997,59.13,0.0,0.0,PYRAMID_ADD
APP,56.46741191066997,56.46741191066997,0.0,0.0,HARD_STOP
DJT,50.0,49.0,-1244.0,-2.0000000000000018,
MAX,17.1,19.95,5121.449999999997,16.66666666666665,PARTIAL_PROFIT_3R
RL,178.66854218362283,187.96,0.0,0.0,PYRAMID_ADD
TPG,42.671324999999996,42.82,117.8992750000034,0.34841899097346474,DEAD_MONEY_STOP
MAX,18.243037974683546,19.95,0.0,0.0,PYRAMID_ADD
MAX,19.71807699980052,21.92,0.0,0.0,PYRAMID_ADD
MAX,20.569279655955082,21.84,0.0,0.0,PYRAMID_ADD
MAX,20.569279655955082,20.569279655955082,0.0,0.0,HARD_STOP
RL,178.66854218362283,178.66854218362283,0.0,0.0,HARD_STOP
FRPT,108.47,109.04,333.45000000000437,0.5254909191481527,DEAD_MONEY_STOP
AVAV,150.64,182.25,6448.440000000002,20.98380244291027,PARTIAL_PROFIT_3R
DAVE,29.434001065530097,32.5,0.0,0.0,PYRAMID_ADD
DAVE,29.434001065530097,37.1,14389.080000000002,26.044705636188503,PARTIAL_PROFIT_3R
AVAV,163.584,183.0,0.0,0.0,PYRAMID_ADD
DAVE,32.06752393107849,36.0,0.0,0.0,PYRAMID_ADD
AVAV,164.82682666666665,176.9,0.0,0.0,PYRAMID_ADD
AVAV,164.82682666666665,164.82682666666665,0.0,0.0,HARD_STOP
DAVE,33.74515000955475,36.25,0.0,0.0,PYRAMID_ADD
DAVE,33.74515000955475,33.74515000955475,0.0,0.0,HARD_STOP
HRTG,8.85,8.0,-6162.5,-9.6045197740113,HARD_STOP
WSM,131.555,142.825,2727.339999999993,8.566759150165314,PARTIAL_PROFIT_3R
WSM,135.6651485148515,141.805,0.0,0.0,PYRAMID_ADD
GCT,40.05,32.42,-6012.439999999995,-19.051186017478138,
FTAI,60.23,59.21,-1084.2599999999948,-1.693508218495765,
WSM,136.35732101616628,146.0,0.0,0.0,PYRAMID_ADD
WSM,141.5948409405256,149.415,0.0,0.0,PYRAMID_ADD
DBD,35.59,35.01,-1045.7400000000052,-1.6296712559707882,HARD_STOP
DSP,10.475235,10.32,-532.7665199999974,-1.481923794549711,
FIP,6.38,6.28,-999.7999999999956,-1.5673981191222541,HARD_STOP
WSM,141.5948409405256,145.25534285714286,2646.542885714298,2.585194412665648,HARD_STOP
ITGR,118.15,117.7,-238.9499999999971,-0.3808717731696998,HARD_STOP
ITGR,119.3,116.67,-1380.75,-2.204526404023466,HARD_STOP
VITL,33.15,36.41,3074.1800000000003,9.834087481146291,PARTIAL_PROFIT_3R
VITL,34.43685514612452,36.36,0.0,0.0,PYRAMID_ADD
VITL,34.43685514612452,34.43685514612452,0.0,0.0,HARD_STOP
ADMA,8.2,9.16,3709.4400000000023,11.707317073170742,PARTIAL_PROFIT_3R
ADMA,8.629194048357098,9.27,0.0,0.0,PYRAMID_ADD
ADMA,8.670783565663976,9.41,0.0,0.0,PYRAMID_ADD
ADMA,9.047592478692557,9.61,0.0,0.0,PYRAMID_ADD
PWR,278.0,273.118,-1127.7419999999984,-1.7561151079136694,HARD_STOP
HOOD,22.52,22.1,-1220.939999999995,-1.8650088809946674,
RSI,9.27,9.67,1414.0,4.31499460625675,PARTIAL_PROFIT_3R
RSI,9.27,9.27,0.0,0.0,STRATEGY_EXIT
GM,48.06402,45.9,-2984.1835800000044,-4.5023699640604375,
TLN,125.28834578544061,131.62,0.0,0.0,PYRAMID_ADD
TLN,125.28834578544061,131.43,1602.9717500000042,4.9020155674152965,PARTIAL_PROFIT_3R
USLM,74.508,81.77,3362.305999999997,9.746604391474744,PARTIAL_PROFIT_3R
USLM,77.60078137128072,82.22,0.0,0.0,PYRAMID_ADD
TLN,125.28834578544061,125.28834578544061,0.0,0.0,HARD_STOP
USLM,77.60078137128072,77.6,-0.6039999999993597,-0.001006911614698236,HARD_STOP
FIP,10.09,9.79,-2095.199999999997,-2.97324083250744,
ADMA,9.047592478692557,12.585692857142856,40267.12040714285,39.105434808018444,HARD_STOP
MHK,150.81,162.7,2734.699999999997,7.884092566805911,PARTIAL_PROFIT_3R
PRM,9.24,10.73,5594.949999999997,16.12554112554112,PARTIAL_PROFIT_3R
MHK,150.81,152.31,346.5,0.9946290033817418,DEAD_MONEY_STOP
PRM,9.55287081339713,10.02,0.0,0.0,PYRAMID_ADD
PRM,9.55287081339713,9.55287081339713,0.0,0.0,HARD_STOP
AGX,79.0,71.89,-6363.449999999997,-8.999999999999996,
LUMN,3.98,6.63,15582.0,66.58291457286431,PARTIAL_PROFIT_3R
LUMN,4.938774824320196,6.37,0.0,0.0,PYRAMID_ADD
LUMN,4.938774824320196,4.938774824320196,0.0,0.0,HARD_STOP
HROW,31.48,35.94,5030.879999999997,14.167725540025412,PARTIAL_PROFIT_3R
HROW,33.36498673740053,36.18,0.0,0.0,PYRAMID_ADD
HROW,33.42539549502357,38.17,0.0,0.0,PYRAMID_ADD
HROW,35.2967973651192,38.09,0.0,0.0,PYRAMID_ADD
PPC,38.8,37.52,-2416.639999999985,-3.2989690721649367,
REAX,6.67,6.41,-1864.199999999997,-3.8980509745127456,
VTOL,39.47,38.455,-1876.7350000000006,-2.5715733468457125,HARD_STOP
VTOL,39.28,35.84,-3202.6399999999994,-8.757637474541745,
SMMT,24.69,31.93,10751.400000000001,29.323612798703923,PARTIAL_PROFIT_3R
SMMT,27.60848459265513,32.52,0.0,0.0,PYRAMID_ADD
SMMT,27.60848459265513,27.60848459265513,0.0,0.0,HARD_STOP
NUVL,102.7,102.05,-287.3000000000029,-0.6329113924050667,DEAD_MONEY_STOP
NEM,54.45,53.92,-737.2299999999959,-0.9733700642791554,HARD_STOP
MMSI,99.93,98.83,-401.5000000000073,-1.1007705393775713,DEAD_MONEY_STOP
EVGO,5.07,7.2,16358.399999999994,42.01183431952662,PARTIAL_PROFIT_3R
EVGO,5.758529992276667,7.09,0.0,0.0,PYRAMID_ADD
EVGO,5.790310103367791,6.87,0.0,0.0,PYRAMID_ADD
EVGO,5.803503493629265,6.74,0.0,0.0,PYRAMID_ADD
CPNG,25.54,25.18,-581.760000000002,-1.4095536413469056,DEAD_MONEY_STOP
WVE,12.045,14.61,9200.654999999999,21.29514321295143,PARTIAL_PROFIT_3R
SMR,14.92,18.02,8977.599999999999,20.7774798927614,PARTIAL_PROFIT_3R
WVE,13.093880821231847,14.66,0.0,0.0,PYRAMID_ADD
SMR,16.10718213768865,17.88,0.0,0.0,PYRAMID_ADD
WVE,13.133319155897267,15.07,0.0,0.0,PYRAMID_ADD
SMR,16.140881812614822,18.77,0.0,0.0,PYRAMID_ADD
WVE,13.165988100980865,15.05,0.0,0.0,PYRAMID_ADD
SMR,16.21479549496147,18.45,0.0,0.0,PYRAMID_ADD
HROW,35.2967973651192,51.30037857142857,51019.41688571428,45.340037626542106,HARD_STOP
RDW,8.551546704599337,8.82,0.0,0.0,PYRAMID_ADD
RDW,8.551546704599337,8.551546704599337,0.0,0.0,HARD_STOP
WGS,66.6,83.2,11487.200000000004,24.92492492492493,PARTIAL_PROFIT_3R
WGS,72.54587813620071,82.25,0.0,0.0,PYRAMID_ADD
WGS,72.80600660066007,75.83,0.0,0.0,PYRAMID_ADD
WVE,13.165988100980865,13.165988100980865,0.0,0.0,HARD_STOP
EVGO,5.803503493629265,6.47,8107.929999999993,11.48438192726815,HARD_STOP
NCLH,26.096445126107703,27.36,0.0,0.0,PYRAMID_ADD
NCLH,26.096445126107703,27.05,1398.864999999998,3.6539646273060056,PARTIAL_PROFIT_3R
PAYO,9.750296570610569,10.4,0.0,0.0,PYRAMID_ADD
PAYO,9.750296570610569,10.68,7468.307648285307,9.535129753814363,PARTIAL_PROFIT_3R
PAYO,9.836131405365036,10.55,0.0,0.0,PYRAMID_ADD
CLPT,13.3,12.51,-5498.400000000009,-5.939849624060156,HARD_STOP
WGS,72.80600660066007,72.80600660066007,0.0,0.0,HARD_STOP
PAYO,9.905261680711021,10.55,0.0,0.0,PYRAMID_ADD
INOD,30.335,45.9,24094.619999999995,51.31036756222185,PARTIAL_PROFIT_3R
AXON,540.0,616.14,6548.040000000001,14.100000000000001,PARTIAL_PROFIT_3R
UPST,65.27,77.48,8778.990000000005,18.70690975946072,PARTIAL_PROFIT_3R
INOD,35.28585677196019,45.35,0.0,0.0,PYRAMID_ADD
SEZL,63.1689853333333,70.3983333333333,0.0,0.0,PYRAMID_ADD
SEZL,63.1689853333333,63.1689853333333,0.0,0.0,HARD_STOP
AXON,567.644,609.11,0.0,0.0,PYRAMID_ADD
UPST,67.60782029950083,71.1,0.0,0.0,PYRAMID_ADD
UPST,67.60782029950083,67.60782029950083,0.0,0.0,HARD_STOP
BTBT,5.03,5.52,5089.629999999997,9.74155069582503,PARTIAL_PROFIT_3R
RVLV,32.18114219114219,34.69,0.0,0.0,PYRAMID_ADD
RVLV,32.18114219114219,33.34,1739.4455710955735,3.60104623376849,PARTIAL_PROFIT_3R
INOD,39.64791267167659,46.16,0.0,0.0,PYRAMID_ADD
INOD,39.64791267167659,39.64791267167659,0.0,0.0,HARD_STOP
BTBT,5.17843940966217,5.4,0.0,0.0,PYRAMID_ADD
BTBT,5.17843940966217,5.17843940966217,0.0,0.0,HARD_STOP
NCLH,26.096445126107703,26.096445126107703,0.0,0.0,HARD_STOP
RVLV,32.18114219114219,32.18114219114219,0.0,0.0,HARD_STOP
DAVE,78.25,78.0,-319.0,-0.31948881789137795,DEAD_MONEY_STOP
AXON,575.5053658536585,635.5,0.0,0.0,PYRAMID_ADD
AXON,601.0723076923076,639.54,0.0,0.0,PYRAMID_ADD
HNRG,12.68,12.74,191.52000000000407,0.4731861198738141,DEAD_MONEY_STOP
HOOD,35.558822100789314,37.05,0.0,0.0,PYRAMID_ADD
HOOD,35.558822100789314,36.42,2127.1094110504055,2.4218403432198388,PARTIAL_PROFIT_3R
GRND,15.2,15.15,-336.59999999999127,-0.3289473684210509,
HOOD,35.76865102545295,39.95,0.0,0.0,PYRAMID_ADD
CVNA,258.21,260.13,384.0000000000073,0.743580806320443,DEAD_MONEY_STOP
AUPH,9.1,8.85,-2824.5,-2.7472527472527486,
CRDO,64.445,69.01,3638.3050000000076,7.083559624486013,PARTIAL_PROFIT_3R
HOOD,38.5528800856336,42.71,0.0,0.0,PYRAMID_ADD
HOOD,38.5528800856336,38.92,1590.7305889496056,0.9522502950517708,DEAD_MONEY_STOP
CRDO,66.93659909909908,70.66,0.0,0.0,PYRAMID_ADD
INOD,46.002,45.9,-113.01600000000326,-0.22172949002218223,
PAYO,9.905261680711021,10.193907142857142,2876.3520302860998,2.91406195464996,HARD_STOP
AXON,601.0723076923076,636.8523857142857,9767.961299999995,5.952707779759181,HARD_STOP
CRDO,69.08140600315954,74.12,0.0,0.0,PYRAMID_ADD
CRDO,69.08140600315954,69.08140600315954,0.0,0.0,HARD_STOP
MRVL,112.33,109.57,-2575.0800000000017,-2.457046203151436,HARD_STOP
DOCU,96.0,102.26,3430.480000000003,6.520833333333331,PARTIAL_PROFIT_3R
SMR,16.21479549496147,22.051721428571426,29540.68214999998,35.997530375413625,HARD_STOP
DOCU,96.0,96.0,0.0,0.0,HARD_STOP
REAL,7.41,9.06,11172.150000000001,22.267206477732792,PARTIAL_PROFIT_3R
REAL,8.138563022892342,9.34,0.0,0.0,PYRAMID_ADD
REAL,8.162293330939773,9.14,0.0,0.0,PYRAMID_ADD
DSP,21.44,21.01,-2042.070000000007,-2.0055970149253755,
REAL,8.178270815074498,8.84,0.0,0.0,PYRAMID_ADD
QUBT,14.19,25.68,41237.61000000001,80.9725158562368,PARTIAL_PROFIT_3R
QUBT,16.48443722943723,22.0,0.0,0.0,PYRAMID_ADD
QUBT,16.48443722943723,16.48443722943723,0.0,0.0,HARD_STOP
SRRK,44.7,44.28,-1005.0599999999977,-0.9395973154362469,
REAL,8.178270815074498,8.9738,9076.987999999983,9.727351941673934,HARD_STOP
ANGO,11.76,12.77,4569.239999999998,8.588435374149661,PARTIAL_PROFIT_3R
ANGO,12.145143613500993,12.72,0.0,0.0,PYRAMID_ADD
ANGO,12.145143613500993,12.145143613500993,0.0,0.0,HARD_STOP
RDW,15.96,21.65,19072.879999999983,35.651629072681686,PARTIAL_PROFIT_3R
RDW,17.970297872340424,21.68,0.0,0.0,PYRAMID_ADD
RDW,19.62686667438897,22.1,0.0,0.0,PYRAMID_ADD
RDW,20.177758202122494,21.0,0.0,0.0,PYRAMID_ADD
FFIV,307.0,304.36,-562.3199999999997,-0.8599348534201856,
SKYW,117.12653399999999,113.32,-2070.7544960000014,-3.249933102263569,DEAD_MONEY_STOP
DOCS,72.5,83.14,8128.959999999999,14.675862068965518,PARTIAL_PROFIT_3R
NET,153.5,172.49,6855.390000000007,12.371335504886005,PARTIAL_PROFIT_3R
DOCS,74.8054032889585,78.25,0.0,0.0,PYRAMID_ADD
DOCS,74.8054032889585,74.8054032889585,0.0,0.0,HARD_STOP
NET,160.10548172757476,170.0,0.0,0.0,PYRAMID_ADD
LEU,100.80510256410257,112.57,0.0,0.0,PYRAMID_ADD
LEU,100.80510256410257,114.0,7719.014999999999,13.089513427662759,PARTIAL_PROFIT_3R
LEU,105.83878586065573,113.37,0.0,0.0,PYRAMID_ADD
LEU,106.73155072463769,121.5,0.0,0.0,PYRAMID_ADD
NET,162.12698412698413,175.5,0.0,0.0,PYRAMID_ADD
NET,162.12698412698413,162.12698412698413,0.0,0.0,HARD_STOP
LEU,106.73155072463769,106.73155072463769,0.0,0.0,HARD_STOP
RDW,20.177758202122494,20.177758202122494,0.0,0.0,HARD_STOP
AMPL,14.6,14.045,-2344.875,-3.8013698630136927,
ORGO,4.06,5.41,18607.050000000003,33.251231527093616,PARTIAL_PROFIT_3R
ORGO,4.5486993751446425,5.41,0.0,0.0,PYRAMID_ADD
ORGO,4.565312711673063,5.23,0.0,0.0,PYRAMID_ADD
ORGO,5.108806716781136,5.92,0.0,0.0,PYRAMID_ADD
NAGE,6.71,7.69,8665.16000000001,14.605067064083466,PARTIAL_PROFIT_3R
ORGO,5.108806716781136,5.108806716781136,0.0,0.0,HARD_STOP
NAGE,7.107153111667908,7.7,0.0,0.0,PYRAMID_ADD
NAGE,7.116274391873831,7.8,0.0,0.0,PYRAMID_ADD
NAGE,7.42266317179559,7.88,0.0,0.0,PYRAMID_ADD
NAGE,7.42266317179559,7.42266317179559,0.0,0.0,HARD_STOP
FOXA,56.31,54.58,-3549.9600000000064,-3.0722784585331286,HARD_STOP
KR,67.17857249999999,67.21,53.80388000000676,0.046782030088543536,
ALHC,18.616076696165194,19.67,0.0,0.0,PYRAMID_ADD
ALHC,18.616076696165194,19.74,3238.0230383480666,6.0373800676612355,PARTIAL_PROFIT_3R
ALHC,18.616076696165194,17.4,-3504.733038348095,-6.532400548262141,HARD_STOP
AEVA,7.741869,7.1,-6283.89751000001,-8.290879114591077,
BJ,112.9614525,114.02,605.4891700000007,0.9370873661526335,DEAD_MONEY_STOP
HTZ,7.43,6.68,-6447.75,-10.094212651413192,HARD_STOP
HNRG,14.19,13.97,-861.7399999999907,-1.5503875968992165,
APEI,25.05,23.4,-7462.950000000012,-6.586826347305397,
TDUP,5.39,6.44,10941.000000000007,19.480519480519497,PARTIAL_PROFIT_3R
TDUP,5.839727084650306,6.511,0.0,0.0,PYRAMID_ADD
TDUP,5.855154031354982,6.44,0.0,0.0,PYRAMID_ADD
TDUP,5.855154031354982,5.855154031354982,0.0,0.0,HARD_STOP
DAVE,134.7,167.22,13463.280000000006,24.142538975501115,PARTIAL_PROFIT_3R
DAVE,150.52831325301204,176.74,0.0,0.0,PYRAMID_ADD
DAVE,150.99769911504424,173.26,0.0,0.0,PYRAMID_ADD
DAVE,163.41143109540636,181.95,0.0,0.0,PYRAMID_ADD
EXEL,40.65,46.26,8179.380000000005,13.800738007380065,PARTIAL_PROFIT_3R
EXEL,42.79169950738916,45.99,0.0,0.0,PYRAMID_ADD
NPCE,14.501930280246071,16.86,0.0,0.0,PYRAMID_ADD
NPCE,14.501930280246071,17.49,10927.370965140108,20.604634431487725,PARTIAL_PROFIT_3R
NPCE,15.544050583683715,17.1,0.0,0.0,PYRAMID_ADD
NPCE,15.788097705797238,17.0,0.0,0.0,PYRAMID_ADD
EXEL,42.79169950738916,42.79169950738916,0.0,0.0,HARD_STOP
NPCE,15.788097705797238,13.37,-17744.000965140134,-15.315953516738979,HARD_STOP
URBN,70.95,75.26,3810.040000000008,6.074700493305141,PARTIAL_PROFIT_3R
APEI,29.62,29.065,-2338.770000000004,-1.873733963538149,HARD_STOP
URBN,70.95,70.0201,-822.9614999999976,-1.310641296687809,HARD_STOP
CMP,19.96,18.98,-6128.920000000013,-4.909819639278556,HARD_STOP
RBLX,90.25984575835476,94.83,0.0,0.0,PYRAMID_ADD
RBLX,90.25984575835476,95.8,6465.359999999986,6.1380054387389915,PARTIAL_PROFIT_3R
DAVE,163.41143109540636,206.31657857142858,48568.62694285717,26.25590338963033,HARD_STOP
RBLX,90.81149108589952,100.42,0.0,0.0,PYRAMID_ADD
RBLX,95.1975145631068,101.75,0.0,0.0,PYRAMID_ADD
APPS,5.54,6.74,12315.599999999999,21.66064981949458,PARTIAL_PROFIT_3R
APPS,6.061547348153334,6.84,0.0,0.0,PYRAMID_ADD
APPS,6.061547348153334,6.061547348153334,0.0,0.0,HARD_STOP
RKT,13.55090909090909,13.56454545454546,127.07727272732882,0.10063061854290734,DEAD_MONEY_STOP
RMNI,4.72,5.24,6981.0,11.016949152542388,PARTIAL_PROFIT_3R
RMNI,4.928612337749231,5.24,0.0,0.0,PYRAMID_ADD
RMNI,4.928612337749231,4.928612337749231,0.0,0.0,HARD_STOP
RBLX,95.1975145631068,114.38339285714287,39522.9092857143,20.15375966703172,HARD_STOP
BE,30.45,34.34,8402.400000000009,12.775041050903123,PARTIAL_PROFIT_3R
BE,32.23518159135015,34.9,0.0,0.0,PYRAMID_ADD
COUR,11.93111833952912,12.5,0.0,0.0,PYRAMID_ADD
COUR,11.93111833952912,12.01,763.8899999999994,0.6611422184082949,PARTIAL_PROFIT_3R
WLDN,77.05219753086419,83.04,0.0,0.0,PYRAMID_ADD
WLDN,77.05219753086419,82.62,4509.9200000000055,7.226013854965729,PARTIAL_PROFIT_3R
COUR,11.93111833952912,11.93111833952912,0.0,0.0,HARD_STOP
BE,32.32334693877551,37.0,0.0,0.0,PYRAMID_ADD
WLDN,79.50073964497041,83.16,0.0,0.0,PYRAMID_ADD
WLDN,79.50073964497041,79.50073964497041,0.0,0.0,HARD_STOP
BE,32.40625980819529,32.74,0.0,0.0,PYRAMID_ADD
IDXX,662.24,643.73,-3794.5500000000175,-2.7950591930417934,HARD_STOP
RSI,18.55,18.57,140.2399999999907,0.10781671159030282,DEAD_MONEY_STOP
VISN,14.070486043333986,15.0,0.0,0.0,PYRAMID_ADD
VISN,14.070486043333986,15.58,7733.239999999991,10.728228946868246,PARTIAL_PROFIT_3R
VISN,14.766319111630628,15.805,0.0,0.0,PYRAMID_ADD
VISN,14.766319111630628,14.766319111630628,0.0,0.0,HARD_STOP
DCO,89.54163636363637,94.0,0.0,0.0,PYRAMID_ADD
DCO,89.54163636363637,93.87,2856.720000000001,4.833911699788218,PARTIAL_PROFIT_3R
DCO,89.54163636363637,89.54163636363637,0.0,0.0,HARD_STOP
MLYS,22.64,29.25,21118.949999999997,29.196113074204955,PARTIAL_PROFIT_3R
MLYS,25.23822097740004,29.43,0.0,0.0,PYRAMID_ADD
MLYS,28.460223250433778,33.27,0.0,0.0,PYRAMID_ADD
MLYS,31.01973470942717,34.84,0.0,0.0,PYRAMID_ADD
PL,7.705,9.02,13497.160000000003,17.066839714471115,PARTIAL_PROFIT_3R
PL,8.30474445740957,9.2,0.0,0.0,PYRAMID_ADD
PL,8.380542544678582,9.19,0.0,0.0,PYRAMID_ADD
PL,8.877806350626118,9.62,0.0,0.0,PYRAMID_ADD
CRDO,168.50420999999997,163.42,-5877.346759999986,-3.0172599248410426,
DOMO,18.0,17.59,-4437.0199999999895,-2.2777777777777786,HARD_STOP
BE,32.40625980819529,69.28,169176.72000000003,113.78585622053068,HARD_STOP
FLEX,58.6242975,57.69,-3103.7362950000097,-1.5937035322256987,HARD_STOP
ORCL,324.0,311.86,-7114.039999999979,-3.7469135802469133,
TSHA,4.035,4.76,18013.34999999999,17.96778190830235,PARTIAL_PROFIT_3R
TSHA,4.376297062023939,4.89,0.0,0.0,PYRAMID_ADD
TSHA,4.376297062023939,4.376297062023939,0.0,0.0,HARD_STOP
QUBT,21.75,20.9102,-7822.736999999994,-3.861149425287358,HARD_STOP
ABAT,5.920954562549147,6.4,0.0,0.0,PYRAMID_ADD
ABAT,5.920954562549147,6.75,24248.75,14.001888186994037,PARTIAL_PROFIT_3R
ABAT,6.714922714709797,7.9,0.0,0.0,PYRAMID_ADD
ABAT,8.046926113447181,10.035,0.0,0.0,PYRAMID_ADD
ABAT,8.046926113447181,8.298571428571428,20526.959999999846,3.1272228870565133,HARD_STOP
UAMY,15.199482244847282,15.96,0.0,0.0,PYRAMID_ADD
UAMY,15.199482244847282,15.199482244847282,0.0,0.0,HARD_STOP
PL,8.877806350626118,14.001271428571428,160384.9508,57.710935287341236,HARD_STOP
MU,199.28,195.2,-4304.399999999994,-2.0473705339221215,HARD_STOP
INBX,49.13,58.85,17748.72,19.784245878282114,PARTIAL_PROFIT_3R
INBX,52.688466076696166,58.0,0.0,0.0,PYRAMID_ADD
INBX,52.963971014492756,68.53,0.0,0.0,PYRAMID_ADD
INBX,62.205039537126325,76.0,0.0,0.0,PYRAMID_ADD
FULC,9.84001755,9.51,-7300.648241100018,-3.353830908563782,
AGYS,130.0,125.25,-7809.0,-3.653846153846152,HARD_STOP
ZBIO,29.27144297905353,31.17,0.0,0.0,PYRAMID_ADD
ZBIO,29.27144297905353,31.33,5306.959999999992,7.032646195199743,PARTIAL_PROFIT_3R
W,98.5,99.43,2018.1000000000058,0.9441624365482237,DEAD_MONEY_STOP
ZBIO,29.27144297905353,29.27144297905353,0.0,0.0,HARD_STOP
CIFR,21.910949999999996,24.71,13905.680400000012,12.774662896862088,PARTIAL_PROFIT_3R
MLYS,31.01973470942717,37.938607142857144,99887.76132142858,22.30474405484606,HARD_STOP
CIFR,22.773056846673093,24.06,0.0,0.0,PYRAMID_ADD
CIFR,22.773056846673093,22.773056846673093,0.0,0.0,HARD_STOP
LMND,67.7,75.13,12125.75999999998,10.97488921713441,PARTIAL_PROFIT_3R
LMND,70.04686468646864,73.55,0.0,0.0,PYRAMID_ADD
LMND,70.04686468646864,70.04686468646864,0.0,0.0,HARD_STOP
DDOG,178.89,191.24,7533.500000000015,6.903683828050777,PARTIAL_PROFIT_3R
FRGE,43.7,44.58,2197.359999999986,2.013729977116685,PARTIAL_PROFIT_3R
DDOG,186.80952848722984,198.65,0.0,0.0,PYRAMID_ADD
FRGE,43.7,44.11,1023.7699999999895,0.9382151029748265,DEAD_MONEY_STOP
DDOG,186.80952848722984,186.80952848722984,0.0,0.0,HARD_STOP
REAL,13.71574069834001,14.7,0.0,0.0,PYRAMID_ADD
REAL,13.71574069834001,14.28,4928.804999999993,4.113954281217058,PARTIAL_PROFIT_3R
REAL,13.71574069834001,13.71574069834001,0.0,0.0,HARD_STOP
PARR,45.14,43.0001,-10256.540699999983,-4.740584847142215,HARD_STOP
KSS,19.49,24.1,25843.660000000018,23.653155464340703,PARTIAL_PROFIT_3R
KSS,21.343329061198332,24.11,0.0,0.0,PYRAMID_ADD
KSS,22.52550268610898,24.29,0.0,0.0,PYRAMID_ADD
KSS,23.39789981617647,24.7,0.0,0.0,PYRAMID_ADD
KSS,23.39789981617647,23.39789981617647,0.0,0.0,HARD_STOP
DBI,5.96,8.47,48171.92000000003,42.114093959731555,PARTIAL_PROFIT_3R
DBI,6.728706040363341,8.35,0.0,0.0,PYRAMID_ADD
NESR,14.77,14.89,1613.2799999999988,0.8124576844956044,DEAD_MONEY_STOP
ZUMZ,30.005,29.12,-6691.484999999986,-2.9495084152641127,DEAD_MONEY_STOP
VSCO,49.253637699797906,53.39,0.0,0.0,PYRAMID_ADD
VSCO,49.253637699797906,54.49,14248.141818849894,10.631422458819895,PARTIAL_PROFIT_3R
DBI,7.037252671886609,8.34,0.0,0.0,PYRAMID_ADD
INBX,62.205039537126325,77.59823571428572,79813.72217857145,24.745898872023297,HARD_STOP
VSCO,51.32185518566554,54.41,0.0,0.0,PYRAMID_ADD
DBI,7.049764825597829,8.19,0.0,0.0,PYRAMID_ADD
MAMA,13.94,13.77,-1348.270000000004,-1.2195121951219523,DEAD_MONEY_STOP
ARWR,67.17357,65.4,-6039.005849999958,-2.64027950278658,HARD_STOP
VSCO,53.51960893528984,56.8,0.0,0.0,PYRAMID_ADD
APGE,78.189075,78.56,1089.0357999999833,0.4743949202622,
VSCO,53.51960893528984,53.51960893528984,0.0,0.0,HARD_STOP
DBI,7.049764825597829,7.049764825597829,0.0,0.0,HARD_STOP
BKD,11.36,11.12,-4759.440000000002,-2.1126760563380254,HARD_STOP
RVMD,120.0,116.82,-3927.3000000000175,-2.650000000000008,
AAOI,41.410695,37.655,-12596.601029999976,-9.069384128906787,HARD_STOP
DSGN,10.175085,10.21,769.0727050000278,0.3431420966016674,STRATEGY_EXIT
AMRX,13.99,13.75,-3824.399999999994,-1.715511079342391,HARD_STOP
AMRX,14.03,13.64,-2947.2299999999814,-2.7797576621525266,
ENVA,164.082,163.01,-1454.704000000027,-0.6533318706500424,HARD_STOP
PCVX,55.75,54.8,-3798.100000000006,-1.704035874439469,HARD_STOP
DLX,26.875,27.12,2032.2749999999942,0.9116279069767419,DEAD_MONEY_STOP
VPG,53.117647638476754,55.42,0.0,0.0,PYRAMID_ADD
VPG,53.117647638476754,55.07,3947.656474999996,3.6755248929905893,PARTIAL_PROFIT_3R
VPG,53.117647638476754,53.117647638476754,0.0,0.0,HARD_STOP
VAL,74.11,79.82,8559.289999999994,7.7047631898529145,PARTIAL_PROFIT_3R
